comparisons	yeast_rnaseq_1	yeast_rnaseq_2	yeast_rnaseq_3	yeast_stripeseq_unpooled_1	yeast_stripeseq_unpooled_2	yeast_stripeseq_unpooled_3	yeast_stripeseq_pooled_1	yeast_stripeseq_pooled_2	yeast_stripeseq_pooled_3
yeast_rnaseq_1	1	0.996695516876353	0.99644738056393	0.827232183588321	0.835311043049065	0.823057082463979	0.834072503551114	0.840356678391649	0.846928150056617
yeast_rnaseq_2	0.996695516876353	1	0.996989649983937	0.82470330452091	0.833544380672941	0.820913011941807	0.832223015241638	0.838879937937608	0.845713197927004
yeast_rnaseq_3	0.99644738056393	0.996989649983937	1	0.821682706462937	0.830443638546319	0.818064478326022	0.829635921342919	0.835938462307711	0.843324571112699
yeast_stripeseq_unpooled_1	0.827232183588321	0.82470330452091	0.821682706462937	1	0.979609453356021	0.979891258097056	0.964123020907177	0.966359478533514	0.96009110531549
yeast_stripeseq_unpooled_2	0.835311043049065	0.833544380672941	0.830443638546319	0.979609453356021	1	0.979157953428609	0.968624540035439	0.971778453168706	0.96337793232429
yeast_stripeseq_unpooled_3	0.823057082463979	0.820913011941807	0.818064478326022	0.979891258097056	0.979157953428609	1	0.968335346627315	0.968400398822377	0.96365038430133
yeast_stripeseq_pooled_1	0.834072503551114	0.832223015241638	0.829635921342919	0.964123020907177	0.968624540035439	0.968335346627315	1	0.982878879689757	0.98464391315529
yeast_stripeseq_pooled_2	0.840356678391649	0.838879937937608	0.835938462307711	0.966359478533514	0.971778453168706	0.968400398822377	0.982878879689757	1	0.982372592183551
yeast_stripeseq_pooled_3	0.846928150056617	0.845713197927004	0.843324571112699	0.96009110531549	0.96337793232429	0.96365038430133	0.98464391315529	0.982372592183551	1
